<?xml version='1.0' encoding='utf-8'?>
<!-- disable port and shutdown command of server -->
<Server port="8005" shutdown="SHUTDOWN">
	<!-- Security listener. Documentation at /docs/config/listeners.html <Listener 
		className="org.apache.catalina.security.SecurityListener" /> -->
	<!--APR library loader. Documentation at /docs/apr.html -->
	<Listener className="org.apache.catalina.core.AprLifecycleListener"
		SSLEngine="on" />
	<!--Initialize Jasper prior to webapps are loaded. Documentation at /docs/jasper-howto.html -->
	<Listener className="org.apache.catalina.core.JasperListener" />
	<!-- Prevent memory leaks due to use of particular java/javax APIs -->
	<Listener className="org.apache.catalina.core.JreMemoryLeakPreventionListener" />
	<Listener className="org.apache.catalina.mbeans.GlobalResourcesLifecycleListener" />
	<Listener className="org.apache.catalina.core.ThreadLocalLeakPreventionListener" />


	<!-- global JNDI resource for the server The resources defined here are 
		not visible in the per-web-application contexts -->
	<!-- Global JNDI resources Documentation at /docs/jndi-resources-howto.html -->
	<GlobalNamingResources>
		<!-- Editable user database that can also be used by UserDatabaseRealm 
			to authenticate users -->
		<Resource name="UserDatabase" auth="Container"
			type="org.apache.catalina.UserDatabase" description="User database that can be updated and saved"
			factory="org.apache.catalina.users.MemoryUserDatabaseFactory"
			pathname="conf/tomcat-users.xml" />
	</GlobalNamingResources>

	<!-- A Service represents the combination of one or more Connector components 
		that shara a single component for processing incoming requests -->
	<Service name="Catalina" default="true">

		<!--The connectors can use a shared executor, you can define one or more 
			named thread pools -->
		<!-- <Executor name="tomcatThreadPool" namePrefix="catalina-exec-" maxThreads="150" 
			minSpareThreads="4"/> -->

		<!-- A "Connector" represents an endpoint by which requests are received 
			and responses are returned. Documentation at : Java HTTP Connector: /docs/config/http.html 
			(blocking & non-blocking) Java AJP Connector: /docs/config/ajp.html APR (HTTP/AJP) 
			Connector: /docs/apr.html Define a non-SSL HTTP/1.1 Connector on port 8080 -->
		<!-- http connector listens for connections on a specific TCP port number 
			on the server -->
		<Connector port="8085" protocol="HTTP/1.1" default="true"
			connectionTimeout="20000" redirectPort="8443" compression="on"
			compressableMimeType="text/html,text/xml,text/plain,application/json" />
		<!-- socketBuffer="36000" maxHttpHeaderSize="36000" -->
		<!-- you can also use ${user.home} -->
		<Connector port="8443" protocol="HTTP/1.1" maxThreads="200"
			scheme="https" secure="true" SSLEnabled="true" keystoreType="PKCS12"
			keystoreFile="${user.dir}/config/skyport_keystore.p12" keystorePass="changeit"
			clientAuth="false" sslProtocol="TLS" compression="on"
			compressableMimeType="text/html,text/xml,text/plain,application/json" />

		<!-- A "Connector" using the shared thread pool -->
		<!-- <Connector executor="tomcatThreadPool" port="8080" protocol="HTTP/1.1" 
			connectionTimeout="20000" redirectPort="8443" /> -->

		<!-- Define a SSL HTTP/1.1 Connector on port 8443 This connector uses the 
			BIO implementation that requires the JSSE style configuration. When using 
			the APR/native implementation, the OpenSSL style configuration is required 
			as described in the APR/native documentation -->
		<!-- <Connector port="8443" protocol="org.apache.coyote.http11.Http11Protocol" 
			maxThreads="150" SSLEnabled="true" scheme="https" secure="true" clientAuth="false" 
			sslProtocol="TLS" /> -->

		<!-- Define an AJP 1.3 Connector on port 8009 -->
		<!-- ajp connector communicate with a web connector via the AJP protocol. 
			This is used for cases where you wish to invisibly integrat Tomcat into an 
			existing Apache installation -->
		<Connector port="8009" protocol="AJP/1.3" redirectPort="8443" />

		<!-- An Engine represents the entry point (within Catalina) that processes 
			every request. The Engine implementation for Tomcat stand alone analyzes 
			the HTTP headers included with the request, and passes them on to the appropriate 
			Host (virtual host). Documentation at /docs/config/engine.html -->

		<!-- You should set jvmRoute to support load-balancing via AJP ie : <Engine 
			name="Catalina" defaultHost="localhost" jvmRoute="jvm1"> -->
		<Engine name="Catalina" defaultHost="localhost">

			<!--For clustering, please take a look at documentation at: /docs/cluster-howto.html 
				(simple how to) /docs/config/cluster.html (reference documentation) -->
			<!-- <Cluster className="org.apache.catalina.ha.tcp.SimpleTcpCluster"/> -->

			<!-- Use the LockOutRealm to prevent attempts to guess user passwords 
				via a brute-force attack -->
			<Realm className="org.apache.catalina.realm.LockOutRealm">
				<!-- This Realm uses the UserDatabase configured in the global JNDI resources 
					under the key "UserDatabase". Any edits that are performed against this UserDatabase 
					are immediately available for use by the Realm. -->
				<Realm className="org.apache.catalina.realm.UserDatabaseRealm"
					resourceName="UserDatabase" />
			</Realm>

			<Host name="localhost" appBase="webapps" unpackWARs="true"
				deployIgnore="skyport" autoDeploy="true">

				<!-- SingleSignOn valve, share authentication between web applications 
					Documentation at: /docs/config/valve.html -->
				<!-- <Valve className="org.apache.catalina.authenticator.SingleSignOn" 
					/> -->

				<!-- Access log processes all example. Documentation at: /docs/config/valve.html 
					Note: The pattern used is equivalent to using pattern="common" -->
				<!-- <Valve className="org.apache.catalina.valves.AccessLogValve" directory="${user.dir}/log" 
					prefix="localhost_access_log." suffix=".log" pattern="%h %l %u %t &quot;%r&quot; 
					%s %b" /> -->
				<Valve className="ch.qos.logback.access.tomcat.LogbackValve"
					quiet="true" filename="${user.dir}/config/logback-access-localhost.xml" />

			</Host>
		</Engine>
	</Service>
</Server>