{
    "context_is_admin":  "role:admin",
    "admin_or_owner":  "is_admin:True or project_id:%(project_id)s",
    "default": "rule:admin_or_owner",

    "cells_scheduler_filter:TargetCellFilter": "is_admin:True",

    "compute:create": "",
    "compute:create:attach_network": "",
    "compute:create:attach_volume": "",
    "compute:create:forced_host": "is_admin:True",
    "compute:get_all": "",
    "compute:get_all_tenants": "",
    "compute:start": "rule:admin_or_owner",
    "compute:stop": "rule:admin_or_owner",
    "compute:unlock_override": "rule:admin_api",

    "compute:shelve": "",
    "compute:shelve_offload": "",
    "compute:unshelve": "",

    "compute:volume_snapshot_create": "",
    "compute:volume_snapshot_delete": "",

    "admin_api": "is_admin:True",
    "compute:v3:servers:start": "rule:admin_or_owner",
    "compute:v3:servers:stop": "rule:admin_or_owner",
    "compute_extension:v3:os-access-ips:discoverable": "",
    "compute_extension:v3:os-access-ips": "",
    "compute_extension:accounts": "rule:admin_api",
    "compute_extension:admin_actions": "rule:admin_api",
    "compute_extension:admin_actions:pause": "rule:admin_or_owner",
    "compute_extension:admin_actions:unpause": "rule:admin_or_owner",
    "compute_extension:admin_actions:suspend": "rule:admin_or_owner",
    "compute_extension:admin_actions:resume": "rule:admin_or_owner",
    "compute_extension:admin_actions:lock": "rule:admin_or_owner",
    "compute_extension:admin_actions:unlock": "rule:admin_or_owner",
    "compute_extension:admin_actions:resetNetwork": "rule:admin_api",
    "compute_extension:admin_actions:injectNetworkInfo": "rule:admin_api",
    "compute_extension:admin_actions:createBackup": "rule:admin_or_owner",
    "compute_extension:admin_actions:migrateLive": "rule:admin_api",
    "compute_extension:admin_actions:resetState": "rule:admin_api",
    "compute_extension:admin_actions:migrate": "rule:admin_api",
    "compute_extension:v3:os-admin-actions": "rule:admin_api",
    "compute_extension:v3:os-admin-actions:discoverable": "",
    "compute_extension:v3:os-admin-actions:reset_network": "rule:admin_api",
    "compute_extension:v3:os-admin-actions:inject_network_info": "rule:admin_api",
    "compute_extension:v3:os-admin-actions:reset_state": "rule:admin_api",
    "compute_extension:v3:os-admin-password": "",
    "compute_extension:v3:os-admin-password:discoverable": "",
    "compute_extension:aggregates": "rule:admin_api",
    "compute_extension:v3:os-aggregates:discoverable": "",
    "compute_extension:v3:os-aggregates:index": "rule:admin_api",
    "compute_extension:v3:os-aggregates:create": "rule:admin_api",
    "compute_extension:v3:os-aggregates:show": "rule:admin_api",
    "compute_extension:v3:os-aggregates:update": "rule:admin_api",
    "compute_extension:v3:os-aggregates:delete": "rule:admin_api",
    "compute_extension:v3:os-aggregates:add_host": "rule:admin_api",
    "compute_extension:v3:os-aggregates:remove_host": "rule:admin_api",
    "compute_extension:v3:os-aggregates:set_metadata": "rule:admin_api",
    "compute_extension:agents": "rule:admin_api",
    "compute_extension:v3:os-agents": "rule:admin_api",
    "compute_extension:v3:os-agents:discoverable": "",
    "compute_extension:attach_interfaces": "",
    "compute_extension:v3:os-attach-interfaces": "",
    "compute_extension:v3:os-attach-interfaces:discoverable": "",
    "compute_extension:baremetal_nodes": "rule:admin_api",
    "compute_extension:cells": "rule:admin_api",
    "compute_extension:cells:create": "rule:admin_api",
    "compute_extension:cells:delete": "rule:admin_api",
    "compute_extension:cells:update": "rule:admin_api",
    "compute_extension:cells:sync_instances": "rule:admin_api",
    "compute_extension:v3:os-cells": "rule:admin_api",
    "compute_extension:v3:os-cells:create": "rule:admin_api",
    "compute_extension:v3:os-cells:delete": "rule:admin_api",
    "compute_extension:v3:os-cells:update": "rule:admin_api",
    "compute_extension:v3:os-cells:sync_instances": "rule:admin_api",
    "compute_extension:v3:os-cells:discoverable": "",
    "compute_extension:certificates": "",
    "compute_extension:v3:os-certificates:create": "",
    "compute_extension:v3:os-certificates:show": "",
    "compute_extension:v3:os-certificates:discoverable": "",
    "compute_extension:cloudpipe": "rule:admin_api",
    "compute_extension:cloudpipe_update": "rule:admin_api",
    "compute_extension:console_output": "",
    "compute_extension:v3:consoles:discoverable": "",
    "compute_extension:v3:os-console-output:discoverable": "",
    "compute_extension:v3:os-console-output": "",
    "compute_extension:consoles": "",
    "compute_extension:v3:os-remote-consoles": "",
    "compute_extension:v3:os-remote-consoles:discoverable": "",
    "compute_extension:createserverext": "",
    "compute_extension:v3:os-create-backup:discoverable": "",
    "compute_extension:v3:os-create-backup": "rule:admin_or_owner",
    "compute_extension:deferred_delete": "",
    "compute_extension:v3:os-deferred-delete": "",
    "compute_extension:v3:os-deferred-delete:discoverable": "",
    "compute_extension:disk_config": "",
    "compute_extension:evacuate": "rule:admin_api",
    "compute_extension:v3:os-evacuate": "rule:admin_api",
    "compute_extension:v3:os-evacuate:discoverable": "",
    "compute_extension:extended_server_attributes": "rule:admin_api",
    "compute_extension:v3:os-extended-server-attributes": "rule:admin_api",
    "compute_extension:v3:os-extended-server-attributes:discoverable": "",
    "compute_extension:extended_status": "",
    "compute_extension:v3:os-extended-status": "",
    "compute_extension:v3:os-extended-status:discoverable": "",
    "compute_extension:extended_availability_zone": "",
    "compute_extension:v3:os-extended-availability-zone": "",
    "compute_extension:v3:os-extended-availability-zone:discoverable": "",
    "compute_extension:extended_ips": "",
    "compute_extension:extended_ips_mac": "",
    "compute_extension:extended_vif_net": "",
    "compute_extension:v3:extension_info:discoverable": "",
    "compute_extension:extended_volumes": "",
    "compute_extension:v3:os-extended-volumes": "",
    "compute_extension:v3:os-extended-volumes:swap": "",
    "compute_extension:v3:os-extended-volumes:discoverable": "",
    "compute_extension:v3:os-extended-volumes:attach": "",
    "compute_extension:v3:os-extended-volumes:detach": "",
    "compute_extension:fixed_ips": "rule:admin_api",
    "compute_extension:flavor_access": "",
    "compute_extension:flavor_access:addTenantAccess": "rule:admin_api",
    "compute_extension:flavor_access:removeTenantAccess": "rule:admin_api",
    "compute_extension:v3:flavor-access": "",
    "compute_extension:v3:flavor-access:discoverable": "",
    "compute_extension:v3:flavor-access:remove_tenant_access": "rule:admin_api",
    "compute_extension:v3:flavor-access:add_tenant_access": "rule:admin_api",
    "compute_extension:flavor_disabled": "",
    "compute_extension:flavor_rxtx": "",
    "compute_extension:v3:os-flavor-rxtx": "",
    "compute_extension:v3:os-flavor-rxtx:discoverable": "",
    "compute_extension:flavor_swap": "",
    "compute_extension:flavorextradata": "",
    "compute_extension:flavorextraspecs:index": "",
    "compute_extension:flavorextraspecs:show": "",
    "compute_extension:flavorextraspecs:create": "rule:admin_api",
    "compute_extension:flavorextraspecs:update": "rule:admin_api",
    "compute_extension:flavorextraspecs:delete": "rule:admin_api",
    "compute_extension:v3:flavors:discoverable": "",
    "compute_extension:v3:flavor-extra-specs:discoverable": "",
    "compute_extension:v3:flavor-extra-specs:index": "",
    "compute_extension:v3:flavor-extra-specs:show": "",
    "compute_extension:v3:flavor-extra-specs:create": "rule:admin_api",
    "compute_extension:v3:flavor-extra-specs:update": "rule:admin_api",
    "compute_extension:v3:flavor-extra-specs:delete": "rule:admin_api",
    "compute_extension:flavormanage": "rule:admin_api",
    "compute_extension:v3:flavor-manage": "rule:admin_api",
    "compute_extension:floating_ip_dns": "",
    "compute_extension:floating_ip_pools": "",
    "compute_extension:floating_ips": "",
    "compute_extension:floating_ips_bulk": "rule:admin_api",
    "compute_extension:fping": "",
    "compute_extension:fping:all_tenants": "rule:admin_api",
    "compute_extension:hide_server_addresses": "is_admin:False",
    "compute_extension:v3:os-hide-server-addresses": "is_admin:False",
    "compute_extension:v3:os-hide-server-addresses:discoverable": "",
    "compute_extension:hosts": "rule:admin_api",
    "compute_extension:v3:os-hosts": "rule:admin_api",
    "compute_extension:v3:os-hosts:discoverable": "",
    "compute_extension:hypervisors": "rule:admin_api",
    "compute_extension:v3:os-hypervisors": "rule:admin_api",
    "compute_extension:v3:os-hypervisors:discoverable": "",
    "compute_extension:image_size": "",
    "compute_extension:instance_actions": "",
    "compute_extension:v3:os-server-actions": "",
    "compute_extension:v3:os-server-actions:discoverable": "",
    "compute_extension:instance_actions:events": "rule:admin_api",
    "compute_extension:v3:os-server-actions:events": "rule:admin_api",
    "compute_extension:instance_usage_audit_log": "rule:admin_api",
    "compute_extension:v3:ips:discoverable": "",
    "compute_extension:keypairs": "",
    "compute_extension:keypairs:index": "",
    "compute_extension:keypairs:show": "",
    "compute_extension:keypairs:create": "",
    "compute_extension:keypairs:delete": "",
    "compute_extension:v3:keypairs:discoverable": "",
    "compute_extension:v3:keypairs": "",
    "compute_extension:v3:keypairs:index": "",
    "compute_extension:v3:keypairs:show": "",
    "compute_extension:v3:keypairs:create": "",
    "compute_extension:v3:keypairs:delete": "",
    "compute_extension:v3:os-lock-server:discoverable": "",
    "compute_extension:v3:os-lock-server:lock": "rule:admin_or_owner",
    "compute_extension:v3:os-lock-server:unlock": "rule:admin_or_owner",
    "compute_extension:v3:os-migrate-server:discoverable": "",
    "compute_extension:v3:os-migrate-server:migrate": "rule:admin_api",
    "compute_extension:v3:os-migrate-server:migrate_live": "rule:admin_api",
    "compute_extension:multinic": "",
    "compute_extension:v3:os-multinic": "",
    "compute_extension:v3:os-multinic:discoverable": "",
    "compute_extension:networks": "rule:admin_api",
    "compute_extension:networks:view": "",
    "compute_extension:networks_associate": "rule:admin_api",
    "compute_extension:v3:os-pause-server:discoverable": "",
    "compute_extension:v3:os-pause-server:pause": "rule:admin_or_owner",
    "compute_extension:v3:os-pause-server:unpause": "rule:admin_or_owner",
    "compute_extension:v3:os-pci:pci_servers": "",
    "compute_extension:v3:os-pci:discoverable": "",
    "compute_extension:v3:os-pci:index": "rule:admin_api",
    "compute_extension:v3:os-pci:detail": "rule:admin_api",
    "compute_extension:v3:os-pci:show": "rule:admin_api",
    "compute_extension:quotas:show": "",
    "compute_extension:quotas:update": "rule:admin_api",
    "compute_extension:quotas:delete": "rule:admin_api",
    "compute_extension:v3:os-quota-sets:discoverable": "",
    "compute_extension:v3:os-quota-sets:show": "",
    "compute_extension:v3:os-quota-sets:update": "rule:admin_api",
    "compute_extension:v3:os-quota-sets:delete": "rule:admin_api",
    "compute_extension:v3:os-quota-sets:detail": "rule:admin_api",
    "compute_extension:quota_classes": "",
    "compute_extension:rescue": "",
    "compute_extension:v3:os-rescue": "",
    "compute_extension:v3:os-rescue:discoverable": "",
    "compute_extension:v3:os-scheduler-hints:discoverable": "",
    "compute_extension:security_group_default_rules": "rule:admin_api",
    "compute_extension:security_groups": "",
    "compute_extension:v3:os-security-groups": "",
    "compute_extension:v3:os-security-groups:discoverable": "",
    "compute_extension:server_diagnostics": "rule:admin_api",
    "compute_extension:v3:os-server-diagnostics": "rule:admin_api",
    "compute_extension:v3:os-server-diagnostics:discoverable": "",
    "compute_extension:server_groups": "",
    "compute_extension:server_password": "",
    "compute_extension:v3:os-server-password": "",
    "compute_extension:v3:os-server-password:discoverable": "",
    "compute_extension:server_usage": "",
    "compute_extension:v3:os-server-usage": "",
    "compute_extension:v3:os-server-usage:discoverable": "",
    "compute_extension:services": "rule:admin_api",
    "compute_extension:v3:os-services": "rule:admin_api",
    "compute_extension:v3:os-services:discoverable": "",
    "compute_extension:v3:server-metadata:discoverable": "",
    "compute_extension:v3:servers:discoverable": "",
    "compute_extension:shelve": "",
    "compute_extension:shelveOffload": "rule:admin_api",
    "compute_extension:v3:os-shelve:shelve": "",
    "compute_extension:v3:os-shelve:shelve:discoverable": "",
    "compute_extension:v3:os-shelve:shelve_offload": "rule:admin_api",
    "compute_extension:simple_tenant_usage:show": "rule:admin_or_owner",
    "compute_extension:v3:os-suspend-server:discoverable": "",
    "compute_extension:v3:os-suspend-server:suspend": "rule:admin_or_owner",
    "compute_extension:v3:os-suspend-server:resume": "rule:admin_or_owner",
    "compute_extension:simple_tenant_usage:list": "rule:admin_api",
    "compute_extension:unshelve": "",
    "compute_extension:v3:os-shelve:unshelve": "",
    "compute_extension:users": "rule:admin_api",
    "compute_extension:v3:os-user-data:discoverable": "",
    "compute_extension:virtual_interfaces": "",
    "compute_extension:virtual_storage_arrays": "",
    "compute_extension:volumes": "",
    "compute_extension:volume_attachments:index": "",
    "compute_extension:volume_attachments:show": "",
    "compute_extension:volume_attachments:create": "",
    "compute_extension:volume_attachments:update": "",
    "compute_extension:volume_attachments:delete": "",
    "compute_extension:volumetypes": "",
    "compute_extension:availability_zone:list": "",
    "compute_extension:v3:os-availability-zone:list": "",
    "compute_extension:v3:os-availability-zone:discoverable": "",
    "compute_extension:availability_zone:detail": "rule:admin_api",
    "compute_extension:v3:os-availability-zone:detail": "rule:admin_api",
    "compute_extension:used_limits_for_admin": "rule:admin_api",
    "compute_extension:migrations:index": "rule:admin_api",
    "compute_extension:v3:os-migrations:index": "rule:admin_api",
    "compute_extension:v3:os-migrations:discoverable": "",
    "compute_extension:os-assisted-volume-snapshots:create": "rule:admin_api",
    "compute_extension:os-assisted-volume-snapshots:delete": "rule:admin_api",
    "compute_extension:console_auth_tokens": "rule:admin_api",
    "compute_extension:v3:os-console-auth-tokens": "rule:admin_api",
    "compute_extension:os-server-external-events:create": "rule:admin_api",
    "compute_extension:v3:os-server-external-events:create": "rule:admin_api",

    "volume:create": "",
    "volume:get_all": "",
    "volume:get_volume_metadata": "",
    "volume:get_snapshot": "",
    "volume:get_all_snapshots": "",


    "volume_extension:types_manage": "rule:admin_api",
    "volume_extension:types_extra_specs": "rule:admin_api",
    "volume_extension:volume_admin_actions:reset_status": "rule:admin_api",
    "volume_extension:snapshot_admin_actions:reset_status": "rule:admin_api",
    "volume_extension:volume_admin_actions:force_delete": "rule:admin_api",


    "network:get_all": "",
    "network:get": "",
    "network:create": "",
    "network:delete": "",
    "network:associate": "",
    "network:disassociate": "",
    "network:get_vifs_by_instance": "",
    "network:allocate_for_instance": "",
    "network:deallocate_for_instance": "",
    "network:validate_networks": "",
    "network:get_instance_uuids_by_ip_filter": "",
    "network:get_instance_id_by_floating_address": "",
    "network:setup_networks_on_host": "",
    "network:get_backdoor_port": "",

    "network:get_floating_ip": "",
    "network:get_floating_ip_pools": "",
    "network:get_floating_ip_by_address": "",
    "network:get_floating_ips_by_project": "",
    "network:get_floating_ips_by_fixed_address": "",
    "network:allocate_floating_ip": "",
    "network:deallocate_floating_ip": "",
    "network:associate_floating_ip": "",
    "network:disassociate_floating_ip": "",
    "network:release_floating_ip": "",
    "network:migrate_instance_start": "",
    "network:migrate_instance_finish": "",

    "network:get_fixed_ip": "",
    "network:get_fixed_ip_by_address": "",
    "network:add_fixed_ip_to_instance": "",
    "network:remove_fixed_ip_from_instance": "",
    "network:add_network_to_project": "",
    "network:get_instance_nw_info": "",

    "network:get_dns_domains": "",
    "network:add_dns_entry": "",
    "network:modify_dns_entry": "",
    "network:delete_dns_entry": "",
    "network:get_dns_entries_by_address": "",
    "network:get_dns_entries_by_name": "",
    "network:create_private_dns_domain": "",
    "network:create_public_dns_domain": "",
    "network:delete_dns_domain": ""
}